-- phpMyAdmin SQL Dump
-- version 2.11.0-rc1
-- http://www.phpmyadmin.net
--
-- Host: localhost

-- Generation Time: Oct 08, 2007 at 10:19 AM
-- Server version: 5.0.45
-- PHP Version: 5.2.2

SET FOREIGN_KEY_CHECKS=0;

SET SQL_MODE="NO_AUTO_VALUE_ON_ZERO";


/*!40101 SET @OLD_CHARACTER_SET_CLIENT=@@CHARACTER_SET_CLIENT */;
/*!40101 SET @OLD_CHARACTER_SET_RESULTS=@@CHARACTER_SET_RESULTS */;
/*!40101 SET @OLD_COLLATION_CONNECTION=@@COLLATION_CONNECTION */;
/*!40101 SET NAMES utf8 */;

--
-- Database: `apv_odin`
--

--
-- Dumping data for table `address`
--

INSERT INTO `address` (`id_address`, `city`, `street`, `house_number`, `zip_code`) VALUES
(1, 'Holice', 'Nad Splavem', 315, '53401'),
(2, 'Holice', 'Nad Splavem', 325, '53401'),
(3, 'Pardubice', 'Emy Destinnové', 972, '53201'),
(4, 'Praha', 'Boženy Němcové', 136, '14100'),
(5, 'Vsetín', 'Sedličky', 6, '75501'),
(6, 'Hradec Králové', 'Pražské předměstí', 182, '50006'),
(7, 'Pardubice', 'Revoluční', 467, '53201'),
(8, 'Brno', 'Technická', 2, '61669'),
(9, 'Brno', 'Babí', 95, '61400'),
(10, 'Holice', 'Husova', 232, '53401'),
(11, 'Plzeň', 'Škroupova', 20, '30632'),
(12, 'Plzeň', 'Blodkova', 150, '30632'),
(13, 'Plzeň', 'Blodkova', 152, '30632'),
(14, 'Plzeň', 'Kaštanová', 47, '30632'),
(15, 'Plzeň', 'Husova', 289, '30632'),
(16, 'Plzeň', 'Tikova', 932, '30632'),
(17, 'Plzeň', 'Husova', 491, '30632'),
(18, 'Plzeň', 'Školní', 974, '30632'),
(19, 'Plzeň', 'Školní', 976, '30632'),
(20, 'Plzeň', 'Hronova', 657, '30632'),
(21, 'Plzeň', 'Na Poříčí', 114, '30632'),
(22, 'Hradec Králové', 'Pražské předměstí', 196, '50006'),
(23, 'Hradec Králové', 'Nový Hradec', 754, '50006'),
(24, 'Hradec Králové', 'Pardubická', 97, '50006'),
(25, 'Hradec Králové', 'Govorova', 628, '50006'),
(26, 'Hradec Králové', 'Rokycanova', 159, '50006'),
(27, 'Lanškroun', 'Pod Lípou', 514, '56301'),
(28, 'Lanškroun', 'Pražské předměstí', 154, '56301'),
(29, 'Lanškroun', 'Zámecká', 419, '56301'),
(30, 'Lanškroun', 'Jiráskova', 708, '56301'),
(31, 'Pardubice', 'Mahonova', 1530, '53201'),
(32, 'Pardubice', 'Přemyslova', 1284, '53201'),
(33, 'Pardubice', 'Albertova', 485, '53201'),
(34, 'Pardubice', 'Tyršova', 71, '53201'),
(35, 'Pardubice', 'Kladská', 829, '53201'),
(36, 'Prachatice', 'Pražská', 103, '38301'),
(37, 'Albrechtice nad Orlicí', 'V Kopečku', 128, '51722'),
(38, 'Albrechtice nad Orlicí', 'Nad Stávkem', 824, '51722'),
(39, 'Albrechtice nad Orlicí', 'Na Pomezí', 228, '51722'),
(40, 'Albrechtice nad Orlicí', 'T. G. Masaryka', 128, '51722');

--
-- Dumping data for table `user`
--

INSERT INTO `user` (`id_user`, `nickname`, `first_name`, `surname`, `id_address`, `birthday`, `age`,`email`,`password`) VALUES
(1, 'kruťas', 'Radek', 'Krůta', 34, '1968-09-06 22:52:10', 64,'radek.kruta@seznam.cz','$2a$06$.6R1EE2VOaiiyua8Po1AGuln9RmDQwJCCFune0gw5qzoM05kwXsnC'),
(2, 'Lorenc', 'Tomáš', 'Lorenc', 2, '1984-12-06 10:52:10', 24,'tomas.lorenc@seznam.cz','$2a$06$cjXTOlpy.GZULB/atthy3.i/QkJjwBkUxXYAsdGoIHBo9lMm9x6te'),
(3, 'Hrudík', 'Milan', 'Hruda', 3, '1982-01-20 09:52:10', 25,'milan.hruda@seznam.cz','$2a$06$cjXTOlpy.GZULB/atthy3.i/QkJjwBkUxXYAsdGoIHBo9lMm9x6te'),
(4, 'Smeták', 'David', 'Kunz', 4, '1983-05-25 11:00:00', 28,'david.kunz@seznam.cz','$2a$06$5egRMk4kGsT.AOEYqmriie/Win7xtL/m5Q2Yg8WN8khZ15siuOJqe'),
(5, 'Zedňas', 'Michal', 'Zedník', 5, '1980-03-09 17:30:10', 31,'michal.zednik@seznam.cz','$2a$06$cjXTOlpy.GZULB/atthy3.i/QkJjwBkUxXYAsdGoIHBo9lMm9x6te'),
(6, 'Zemák', 'Jaroslav', 'Zemek', 6, '1982-10-20 09:25:10', 40,'jaroslav.zemek@seznam.cz','$2a$06$cjXTOlpy.GZULB/atthy3.i/QkJjwBkUxXYAsdGoIHBo9lMm9x6te'),
(7, 'Tomák', 'Tomáš', 'Tomašík', 7, '1979-10-11 19:52:10', 38,'tomas.tomasik@seznam.cz','$2a$06$cjXTOlpy.GZULB/atthy3.i/QkJjwBkUxXYAsdGoIHBo9lMm9x6te'),
(8, 'Velebník', 'Radek', 'Veleba', 8, '1986-04-29 14:43:10', 16,'radek.veleba@seznam.cz','$2a$06$cjXTOlpy.GZULB/atthy3.i/QkJjwBkUxXYAsdGoIHBo9lMm9x6te'),
(9, 'Stupík', 'Radovan', 'Stupka', 9, '1982-02-24 09:11:10', 14,'radovan.stupka@seznam.cz','$2a$06$cjXTOlpy.GZULB/atthy3.i/QkJjwBkUxXYAsdGoIHBo9lMm9x6te'),
(10, 'Menča', 'Jaroslav', 'Menčík', 10, '1981-05-13 12:21:10', 13,'jaroslav.mencik@seznam.cz','$2a$06$cjXTOlpy.GZULB/atthy3.i/QkJjwBkUxXYAsdGoIHBo9lMm9x6te'),
(11, 'Malina', 'Miroslav', 'Malinka', 11, '1984-06-14 14:42:10', 15,'miroslav.malinka@seznam.cz','$2a$06$cjXTOlpy.GZULB/atthy3.i/QkJjwBkUxXYAsdGoIHBo9lMm9x6te'),
(12, 'Látoš', 'Lubomír', 'Látal', 10, '1985-07-27 16:51:10', 17,'lubomir.latal@seznam.cz','$2a$06$cjXTOlpy.GZULB/atthy3.i/QkJjwBkUxXYAsdGoIHBo9lMm9x6te'),
(13, 'Kubík', 'Tomáš', 'Kubala', 12, '1964-10-09 19:43:10', 20,'tomas.kubala@seznam.cz','$2a$06$cjXTOlpy.GZULB/atthy3.i/QkJjwBkUxXYAsdGoIHBo9lMm9x6te'),
(14, 'Kalík', 'David', 'Kalivoda', 13, '1974-11-29 13:53:10', 21,'david.kalivoda@seznam.cz','$2a$06$cjXTOlpy.GZULB/atthy3.i/QkJjwBkUxXYAsdGoIHBo9lMm9x6te'),
(15, 'Smeták', 'Tomáš', 'Janda', 14, '1989-12-01 03:52:10', 20,'tomas.janda@seznam.cz','$2a$06$cjXTOlpy.GZULB/atthy3.i/QkJjwBkUxXYAsdGoIHBo9lMm9x6te'),
(16, 'Fucha', 'Lubomír', 'Fuchs', 15, '1952-11-02 06:06:10', 22,'lubomir.fuchs@seznam.cz','$2a$06$cjXTOlpy.GZULB/atthy3.i/QkJjwBkUxXYAsdGoIHBo9lMm9x6te'),
(17, 'Bárt', 'Stanislav', 'Bartoš', 16, '1980-12-20 07:13:10', 21,'stanislav.bartos@seznam.cz','$2a$06$cjXTOlpy.GZULB/atthy3.i/QkJjwBkUxXYAsdGoIHBo9lMm9x6te'),
(18, 'Beník', 'Svatopluk', 'Beneš', 17, '1942-07-16 15:20:10', 28,'svatoplu.benes@seznam.cz','$2a$06$cjXTOlpy.GZULB/atthy3.i/QkJjwBkUxXYAsdGoIHBo9lMm9x6te'),
(19, 'Ambřík', 'Ondřej', 'Ambros', 18, '1946-01-15 22:34:10', 24,'ondrej.ambros@seznam.cz','$2a$06$cjXTOlpy.GZULB/atthy3.i/QkJjwBkUxXYAsdGoIHBo9lMm9x6te'),
(20, 'Čerma', 'Jaroslav', 'Čermák', 19, '1979-09-30 07:59:10', 26,'jaroslav.cermak@seznam.cz','$2a$06$cjXTOlpy.GZULB/atthy3.i/QkJjwBkUxXYAsdGoIHBo9lMm9x6te'),
(21, 'Jarča', 'Jaroslava', 'Čermáková', 19, '1982-06-19 09:20:10', 25,'jaroslava.cermakova@seznam.cz','$2a$06$cjXTOlpy.GZULB/atthy3.i/QkJjwBkUxXYAsdGoIHBo9lMm9x6te'),
(22, 'Dupi', 'Svatopluk', 'Dupal', 20, '1968-08-21 00:02:10', 25,'svatopluk.dupal@seznam.cz','$2a$06$cjXTOlpy.GZULB/atthy3.i/QkJjwBkUxXYAsdGoIHBo9lMm9x6te'),
(23, 'Houser', 'Luděk', 'Housera', 21, '1975-11-18 22:10:10', 25,'ludek.housera@seznam.cz','$2a$06$cjXTOlpy.GZULB/atthy3.i/QkJjwBkUxXYAsdGoIHBo9lMm9x6te'),
(24, 'Lusi', 'Lucie', 'Houserová', 21, '1978-05-26 02:41:10', 24,'lucie.houserova@seznam.cz','$2a$06$cjXTOlpy.GZULB/atthy3.i/QkJjwBkUxXYAsdGoIHBo9lMm9x6te'),
(25, 'Daník', 'Markéta', 'Daňková', 22, '1985-11-09 06:52:10', 23,'marketa.dankova@seznam.cz','$2a$06$cjXTOlpy.GZULB/atthy3.i/QkJjwBkUxXYAsdGoIHBo9lMm9x6te'),
(26, 'Emicka111', 'Klára', 'Judexová', 23, '1971-01-12 09:52:10', 43,'klara.judexova@seznam.cz','$2a$06$cjXTOlpy.GZULB/atthy3.i/QkJjwBkUxXYAsdGoIHBo9lMm9x6te'),
(27, 'Emiii4x4', 'Kristýna', 'Kadlčíková', 24, '1972-02-15 12:12:10', 42,'kristyna.kadlcikova@seznam.cz','$2a$06$cjXTOlpy.GZULB/atthy3.i/QkJjwBkUxXYAsdGoIHBo9lMm9x6te'),
(28, 'Helusska', 'Lada', 'Kanýzová', 24, '1973-03-18 15:44:10', 41,'lada.kanyzova@seznam.cz','$2a$06$cjXTOlpy.GZULB/atthy3.i/QkJjwBkUxXYAsdGoIHBo9lMm9x6te'),
(29, 'hilary', 'Lenka', 'Kocmanová', 25, '1974-04-25 19:00:10', 45,'lenka.kocmanova@seznam.cz','$2a$06$cjXTOlpy.GZULB/atthy3.i/QkJjwBkUxXYAsdGoIHBo9lMm9x6te'),
(30, 'Igneess', 'Lenka', 'Kollariková', 26, '1975-05-01 12:10:10', 46,'lenka.kollarikova@seznam.cz','$2a$06$cjXTOlpy.GZULB/atthy3.i/QkJjwBkUxXYAsdGoIHBo9lMm9x6te'),
(31, 'katulka68', 'Lenka', 'Kollmannová', 27, '1981-10-24 11:30:10', 41,'lenka.kollmanova@seznam.cz','$2a$06$cjXTOlpy.GZULB/atthy3.i/QkJjwBkUxXYAsdGoIHBo9lMm9x6te'),
(32, 'kiikushka', 'Lenka', 'Kovačková', 28, '1976-11-28 06:30:10', 38,'lenka.kovackova@seznam.cz','$2a$06$cjXTOlpy.GZULB/atthy3.i/QkJjwBkUxXYAsdGoIHBo9lMm9x6te'),
(33, 'anďa', 'Andrea', 'Kollmannová', 29, '1977-12-21 22:34:00', 34,'andrea.kollmanova@seznam.cz','$2a$06$cjXTOlpy.GZULB/atthy3.i/QkJjwBkUxXYAsdGoIHBo9lMm9x6te'),
(34, 'Kiiny', 'Lenka', 'Kozílková', 30, '1978-06-30 06:09:10', 36,'lenka.kozilkova@seznam.cz','$2a$06$cjXTOlpy.GZULB/atthy3.i/QkJjwBkUxXYAsdGoIHBo9lMm9x6te'),
(35, 'kikin14', 'Lucie', 'Kyzlinková', 31, '1979-12-31 00:24:10', 38,'lucie.kyzlinkova@seznam.cz','$2a$06$cjXTOlpy.GZULB/atthy3.i/QkJjwBkUxXYAsdGoIHBo9lMm9x6te'),
(36, 'klokinka', 'Lucie', 'Mácová', 32, '1980-05-16 04:22:10', 36,'lucie.macova@seznam.cz','$2a$06$cjXTOlpy.GZULB/atthy3.i/QkJjwBkUxXYAsdGoIHBo9lMm9x6te'),
(37, 'barca.baran', 'Eva', 'Doležalová', 33, '1965-02-12 04:22:10', 34,'eva.dolezalova@seznam.cz','$2a$06$cjXTOlpy.GZULB/atthy3.i/QkJjwBkUxXYAsdGoIHBo9lMm9x6te'),
(38, 'Barusha.K', 'Ilona', 'Edinová', 34, '1966-03-16 14:22:10', 34,'ilona.edinova@seznam.cz','$2a$06$cjXTOlpy.GZULB/atthy3.i/QkJjwBkUxXYAsdGoIHBo9lMm9x6te'),
(39, 'Bedruna009', 'Jana', 'Flochová', 35, '1967-09-08 14:02:10', 35,'jana.flochova@seznam.cz','$2a$06$cjXTOlpy.GZULB/atthy3.i/QkJjwBkUxXYAsdGoIHBo9lMm9x6te'),
(40, 'bedrunka6', 'Jana', 'Formánková', 36, '1986-05-11 11:00:10', 36,'jana.formankova@seznam.cz','$2a$06$cjXTOlpy.GZULB/atthy3.i/QkJjwBkUxXYAsdGoIHBo9lMm9x6te'),
(41, 'brachysegra', 'Jana', 'Galiová', 37, '1982-07-07 07:22:10', 32,'jana.galiova@seznam.cz','$2a$06$cjXTOlpy.GZULB/atthy3.i/QkJjwBkUxXYAsdGoIHBo9lMm9x6te'),
(42, 'Diddelinka', 'Kateřina', 'Hrdličková', 39, '1985-01-13 17:13:10', 31,'katerina.hrdlickova@seznam.cz','$2a$06$cjXTOlpy.GZULB/atthy3.i/QkJjwBkUxXYAsdGoIHBo9lMm9x6te'),
(43, 'Dvarfka', 'Kateřina', 'Hrušková', 40, '1980-05-16 14:22:10', 32,'katerina.hruskova@seznam.cz','$2a$06$cjXTOlpy.GZULB/atthy3.i/QkJjwBkUxXYAsdGoIHBo9lMm9x6te');

--
-- Dumping data for table `contact_type`
--

INSERT INTO `contact_type` (`id_contact_type`, `title`) VALUES
(1, 'icq'),
(4, 'mail'),
(2, 'skype'),
(3, 'tel');

--
-- Dumping data for table `contact`
--

INSERT INTO `contact` (`id_contact`, `id_user`, `id_contact_type`, `contact`) VALUES
(62, 1, 2, 'radekruta'),
(1, 1, 4, 'radekruta@seznam.cz'),
(63, 2, 2, 'tomas.lorenc'),
(2, 2, 4, 'tomas.lorenc@gmail.com'),
(64, 3, 2, 'hruda.milan'),
(3, 3, 4, 'hruda.milan@gmail.com'),
(65, 4, 2, 'smetak'),
(4, 4, 4, 'smetak@email.cz'),
(66, 5, 2, 'zednik.michal'),
(5, 5, 4, 'zednik.michal@seznam.cz'),
(67, 6, 2, 'zemek'),
(6, 6, 4, 'zemek@centrum.cz'),
(68, 7, 2, 'tomasik'),
(7, 7, 4, 'tomasik.tom@centrum.cz'),
(86, 8, 1, '72448217'),
(69, 8, 2, 'velebnik'),
(35, 8, 3, '724548217'),
(8, 8, 4, 'velebnik@gmail.com'),
(87, 9, 1, '72552711'),
(70, 9, 2, 'stupik'),
(36, 9, 3, '725852711'),
(9, 9, 4, 'stupik@gmail.com'),
(88, 10, 1, '96525542'),
(71, 10, 2, 'jarda'),
(37, 10, 3, '773525542'),
(10, 10, 4, 'jarda.menca@centrum.cz'),
(89, 11, 1, '845428485'),
(38, 11, 3, '776828485'),
(11, 11, 4, 'malinka.mir@centrum.cz'),
(90, 12, 1, '855458369'),
(39, 12, 3, '723258369'),
(12, 12, 4, 'latal.liba@verizon.com'),
(91, 13, 1, '77423475'),
(40, 13, 3, '774123475'),
(13, 13, 4, 'kubala@seznam.cz'),
(92, 14, 1, '522252756'),
(41, 14, 3, '735252756'),
(14, 14, 4, 'kalivodavid@seznam.cz'),
(93, 15, 1, '438424666'),
(42, 15, 3, '728424666'),
(15, 15, 4, 'smetak.janda@gmail.com'),
(94, 16, 1, '856587663'),
(43, 16, 3, '726587663'),
(16, 16, 4, 'fucha@seznam.cz'),
(95, 17, 1, '996548723'),
(44, 17, 3, '726548723'),
(17, 17, 4, 'bartostanda@seznam.cz'),
(45, 18, 3, '724963797'),
(18, 18, 4, 'svatopluk.benes@centrum.cz'),
(46, 19, 3, '774564320'),
(19, 19, 4, 'ambrosik@seznam.cz'),
(96, 20, 1, '875545965'),
(47, 20, 3, '775545965'),
(20, 20, 4, 'cermi.jarda@node.mendelu.cz'),
(97, 21, 1, '322264852'),
(72, 21, 2, 'jarca.cermakova'),
(48, 21, 3, '772264852'),
(21, 21, 4, 'jarca.cermakova@gmail.com'),
(98, 22, 1, '7413542'),
(73, 22, 2, 'dupalsvata'),
(49, 22, 3, '721253542'),
(22, 22, 4, 'dupalsvata@centrum.cz'),
(99, 23, 1, '654626512'),
(74, 23, 2, 'housera'),
(50, 23, 3, '722654752'),
(23, 23, 4, 'housera@seznam.cz'),
(100, 24, 1, '651238214'),
(75, 24, 2, 'luckahouserova'),
(51, 24, 3, '731765214'),
(24, 24, 4, 'luckahouserova@email.cz'),
(76, 25, 2, 'marki'),
(52, 25, 3, '774251714'),
(25, 25, 4, 'marki@seznam.cz'),
(77, 26, 2, 'judex.kristl'),
(53, 26, 3, '774954246'),
(26, 26, 4, 'judex.kristl@gmail.com'),
(78, 27, 2, 'kadlcikovakristynka'),
(54, 27, 3, '732725825'),
(27, 27, 4, 'kadlcikovakristynka@seznam.cz'),
(101, 28, 1, '105984462'),
(79, 28, 2, 'ladenka'),
(55, 28, 3, '734821462'),
(28, 28, 4, 'ladenka@centrum.cz'),
(102, 29, 1, '80554654'),
(80, 29, 2, 'kocmankalenka'),
(56, 29, 3, '732654654'),
(29, 29, 4, 'kocmankalenka@gmail.com'),
(103, 30, 1, '225421254'),
(81, 30, 2, 'kollarikova'),
(57, 30, 3, '775828254'),
(30, 30, 4, 'kollarikova@seznam.cz'),
(82, 31, 2, 'kollmannova.lena'),
(58, 31, 3, '774741524'),
(31, 31, 4, 'kollmannova.lena@verizon.com'),
(104, 32, 1, '651325419'),
(83, 32, 2, 'kovackovaleni'),
(59, 32, 3, '775595419'),
(32, 32, 4, 'kovackovaleni@cenrtum.cz'),
(105, 33, 1, '651321179'),
(84, 33, 2, 'andakollmann'),
(60, 33, 3, '723654179'),
(33, 33, 4, 'andakollmann@vutbr.cz'),
(106, 34, 1, '35653578'),
(85, 34, 2, 'kiiny'),
(61, 34, 3, '776853578'),
(34, 34, 4, 'kiiny@idnes.cz');

--
-- Dumping data for table `schuzky`
--

INSERT INTO `meeting` (`id_meeting`, `meeting_datetime`, `place`, `note`) VALUES
(1, '2007-10-17 01:42:49', 'náměstí', 'brusle'),
(2, '2007-10-27 15:00:00', 'park', NULL),
(3, '2007-11-13 10:00:00', 'škola', NULL),
(4, '2007-10-14 20:00:00', 'kino', NULL),
(5, '2007-10-18 22:00:00', 'pod hodinami', 'květina'),
(6, '2007-10-24 19:00:00', 'divadlo', NULL),
(7, '2007-12-30 10:45:00', 'Brno', 'Bláhovka'),
(8, '2007-10-25 15:45:00', 'Brno', 'Bláhovka'),
(9, '2007-11-26 12:00:00', 'doma', 'oběd'),
(10, '2007-12-17 16:30:00', 'park', NULL),
(11, '2007-10-25 17:20:00', 'Brno', 'Bláhovka'),
(12, '2007-10-28 06:50:00', 'škola', NULL),
(13, '2008-01-10 15:45:00', 'Brno', 'Mendlák'),
(14, '2007-11-02 20:20:00', 'Brno', 'BVV'),
(15, '2008-01-13 12:00:00', 'doma', 'oběd'),
(16, '2008-02-17 16:30:00', 'park', NULL),
(17, '2008-01-15 17:00:00', 'Brno', 'Bláhovka'),
(18, '2008-03-03 06:00:00', 'škola', NULL);

--
-- Dumping data for table `user_has_meeting`
--

INSERT INTO `user_has_meeting` (`id_user`, `id_meeting`) VALUES
(1, 1),
(2, 1),
(3, 1),
(4, 1),
(5, 1),
(2, 2),
(3, 2),
(4, 3),
(32, 3),
(5, 4),
(29, 4),
(6, 5),
(7, 5),
(8, 6),
(10, 6),
(12, 6),
(14, 6),
(24, 6),
(25, 6),
(29, 6),
(34, 6),
(35, 6),
(36, 6),
(38, 6),
(13, 7),
(17, 7),
(20, 7),
(22, 7),
(26, 7),
(28, 7),
(31, 7),
(32, 7),
(33, 7),
(3, 8),
(4, 8),
(5, 8),
(6, 8),
(7, 8),
(8, 8),
(10, 8),
(15, 9),
(16, 10),
(34, 10),
(1, 11),
(15, 11),
(39, 11),
(40, 11),
(41, 11),
(13, 12),
(17, 12),
(22, 12),
(34, 12),
(35, 12),
(36, 12),
(4, 13),
(33, 13),
(15, 14),
(16, 14),
(21, 14),
(24, 14),
(32, 14),
(33, 14),
(34, 14),
(35, 14),
(36, 14),
(41, 14),
(3, 15),
(37, 15),
(5, 16),
(30, 16),
(5, 17),
(6, 17),
(14, 17),
(15, 17),
(30, 17),
(31, 17),
(32, 17),
(39, 17),
(11, 18),
(18, 18),
(19, 18),
(23, 18),
(27, 18),
(33, 18);




--
-- Dumping data for table `relationship_type`
--

INSERT INTO `relationship_type` (`id_relationship_type`, `title`) VALUES
(4, 'kamarádi'),
(8, 'manželé'),
(6, 'milenci'),
(2, 'nepřítelé'),
(3, 'partneři'),
(1, 'přátelé'),
(7, 'rodinný'),
(5, 'známý');

--
-- Dumping data for table `vztahy`
--

INSERT INTO `relationship` (`id_relationship`, `id_user1`, `id_user2`, `note`, `id_relationship_type`) VALUES
(1, 20, 21, NULL, 8),
(2, 23, 24, NULL, 8),
(3, 1, 39, NULL, 8),
(4, 3, 37, NULL, 8),
(5, 5, 36, NULL, 8),
(6, 6, 3, NULL, 8),
(7, 20, 12, NULL, 7),
(8, 18, 16, NULL, 7),
(9, 10, 29, NULL, 7),
(10, 11, 30, NULL, 7),
(11, 11, 35, NULL, 7),
(12, 14, 24, NULL, 7),
(13, 3, 25, NULL, 7),
(14, 1, 24, NULL, 4),
(15, 1, 25, NULL, 4),
(16, 2, 26, NULL, 4),
(17, 2, 30, NULL, 4),
(18, 2, 35, NULL, 4),
(19, 2, 6, NULL, 4),
(20, 2, 8, NULL, 4),
(21, 3, 16, NULL, 4),
(22, 3, 24, NULL, 4),
(23, 3, 32, NULL, 4),
(24, 3, 36, NULL, 4),
(25, 4, 15, NULL, 4),
(26, 4, 21, NULL, 4),
(27, 4, 23, NULL, 4),
(28, 4, 12, NULL, 4),
(29, 5, 17, NULL, 4),
(30, 5, 19, NULL, 4),
(31, 5, 22, NULL, 4),
(32, 5, 29, NULL, 4),
(33, 5, 32, NULL, 4),
(34, 5, 34, NULL, 4),
(35, 6, 17, NULL, 4),
(36, 6, 19, NULL, 4),
(37, 8, 22, NULL, 4),
(38, 11, 35, NULL, 6),
(39, 11, 36, NULL, 6),
(40, 5, 34, NULL, 6),
(41, 6, 36, NULL, 6),
(42, 1, 30, NULL, 6),
(43, 15, 29, NULL, 6),
(44, 2, 32, NULL, 1),
(45, 9, 21, NULL, 1),
(46, 10, 21, NULL, 1),
(47, 15, 21, NULL, 1),
(48, 2, 25, NULL, 1),
(49, 2, 27, NULL, 1),
(50, 10, 27, NULL, 1),
(51, 11, 26, NULL, 1),
(52, 12, 25, NULL, 1),
(53, 12, 27, NULL, 1),
(54, 12, 28, NULL, 1),
(55, 13, 31, NULL, 1),
(56, 14, 33, NULL, 1),
(57, 16, 22, NULL, 1),
(58, 17, 31, NULL, 1),
(59, 17, 34, NULL, 1),
(60, 18, 37, NULL, 1),
(61, 18, 22, NULL, 1),
(62, 18, 29, NULL, 1),
(63, 19, 31, NULL, 1),
(64, 19, 38, NULL, 1),
(65, 20, 27, NULL, 1),
(66, 21, 27, NULL, 1),
(67, 31, 34, NULL, 1),
(68, 35, 36, NULL, 1),
(69, 30, 31, NULL, 1),
(70, 21, 34, NULL, 1),
(71, 21, 35, NULL, 1),
(72, 22, 23, NULL, 1),
(73, 17, 34, NULL, 5),
(74, 18, 37, NULL, 5),
(75, 18, 22, NULL, 5),
(76, 18, 29, NULL, 5),
(77, 19, 31, NULL, 5),
(78, 19, 38, NULL, 5),
(79, 20, 27, NULL, 5),
(80, 21, 27, NULL, 5),
(81, 31, 34, NULL, 5),
(82, 1, 21, NULL, 2),
(83, 3, 23, NULL, 2),
(84, 5, 24, NULL, 2),
(85, 6, 28, NULL, 2),
(86, 7, 32, NULL, 2),
(87, 7, 34, NULL, 2),
(88, 6, 34, NULL, 2),
(89, 5, 34, NULL, 2),
(90, 1, 24, NULL, 2);

INSERT INTO `role` (`id_role`, `title`) VALUES
(1, 'ADMIN'),
(2, 'USER'),
(3, 'FIRST_LINE_MANAGER'),
(4, 'SECOND_LINE_MANAGER'),
(5, 'CEO'),
(6, 'CTO');

INSERT INTO `role_has_user` (`id_user`, `id_role`) VALUES
(1, 1),
(2, 2),
(3, 3),
(4, 4),
(5, 5),
(6, 6),
(7, 2),
(8, 2),
(9, 2),
(10, 2),
(11, 2),
(12, 2),
(13, 2),
(14, 2),
(15, 2),
(16, 2),
(17, 2),
(18, 2),
(19, 2),
(20, 2),
(21, 2),
(22, 2),
(23, 2),
(24, 2),
(25, 2),
(26, 2),
(27, 2),
(28, 2),
(29, 2),
(30, 2),
(31, 2),
(32, 2),
(33, 2),
(34, 2),
(35, 2),
(36, 2),
(37, 2),
(38, 2),
(39, 2),
(40, 2),
(41, 2),
(42, 2),
(43, 2);






SET FOREIGN_KEY_CHECKS=1;

/*!40101 SET CHARACTER_SET_CLIENT=@OLD_CHARACTER_SET_CLIENT */;
/*!40101 SET CHARACTER_SET_RESULTS=@OLD_CHARACTER_SET_RESULTS */;
/*!40101 SET COLLATION_CONNECTION=@OLD_COLLATION_CONNECTION */;
